backend,repeat,item_count,capture_utf8_bytes,numeric_ordinal,capture_ordinal,numeric_peak_rss_kib,capture_peak_rss_kib,capture_minus_numeric_rss_kib,numeric_wall_seconds,capture_wall_seconds,capture_minus_numeric_wall_seconds
native,1,1,32,1,2,17856,17936,80,0.03,0.03,0.00
native,1,16,32,7,8,17524,18016,492,0.03,0.03,0.00
native,1,128,32,13,14,17880,17940,60,0.03,0.04,0.01
native,1,16,4096,19,20,18008,17948,-60,0.03,0.04,0.01
native,1,16,262144,25,26,19144,27088,7944,0.02,0.18,0.16
native,1,128,262144,31,32,19044,116808,97764,0.05,1.15,1.10
native,2,1,32,72,71,17864,17232,-632,0.04,0.03,-0.01
native,2,16,32,66,65,18056,17168,-888,0.04,0.03,-0.01
native,2,128,32,60,59,18000,18148,148,0.03,0.04,0.01
native,2,16,4096,54,53,18004,18276,272,0.03,0.04,0.01
native,2,16,262144,48,47,19196,26672,7476,0.04,0.20,0.16
native,2,128,262144,42,41,19120,116540,97420,0.05,1.15,1.10
rust,1,1,32,3,4,6640,6516,-124,0.03,0.03,0.00
rust,1,16,32,9,10,6576,6628,52,0.03,0.01,-0.02
rust,1,128,32,15,16,6576,6672,96,0.03,0.03,0.00
rust,1,16,4096,21,22,6628,6704,76,0.03,0.03,0.00
rust,1,16,262144,27,28,8016,19844,11828,0.03,0.21,0.18
rust,1,128,262144,33,34,7828,105660,97832,0.04,1.12,1.08
rust,2,1,32,70,69,6476,6640,164,0.03,0.01,-0.02
rust,2,16,32,64,63,6576,6640,64,0.03,0.02,-0.01
rust,2,128,32,58,57,6608,6632,24,0.04,0.03,-0.01
rust,2,16,4096,52,51,6576,6888,312,0.03,0.03,0.00
rust,2,16,262144,46,45,8116,19888,11772,0.05,0.20,0.15
rust,2,128,262144,40,39,7976,105472,97496,0.03,1.16,1.13
csharp,1,1,32,5,6,34220,34472,252,0.12,0.13,0.01
csharp,1,16,32,11,12,34560,34788,228,0.18,0.11,-0.07
csharp,1,128,32,17,18,34612,34704,92,0.15,0.12,-0.03
csharp,1,16,4096,23,24,34484,35588,1104,0.11,0.12,0.01
csharp,1,16,262144,29,30,36588,82020,45432,0.16,0.19,0.03
csharp,1,128,262144,35,36,37228,392476,355248,0.12,0.59,0.47
csharp,2,1,32,68,67,34576,34536,-40,0.12,0.12,0.00
csharp,2,16,32,62,61,34380,34500,120,0.11,0.21,0.10
csharp,2,128,32,56,55,34772,34924,152,0.16,0.12,-0.04
csharp,2,16,4096,50,49,34444,34912,468,0.14,0.12,-0.02
csharp,2,16,262144,44,43,36540,82336,45796,0.13,0.20,0.07
csharp,2,128,262144,38,37,37280,392088,354808,0.12,0.59,0.47
