ordinal,repeat,backend,fixture,item_count,capture_utf8_bytes,mode,input_bytes,output_bytes,peak_rss_kib,user_seconds,system_seconds,wall_seconds,wall_time_original,exit_status,verifier_status,before_call_vmrss_kib,before_call_vmhwm_kib,after_call_vmrss_kib,after_call_vmhwm_kib,after_write_vmrss_kib,after_write_vmhwm_kib
1,1,native,n1-l32-numeric,1,32,numeric,57,49,17856,0.00,0.00,0.03,0:00.03,0,PASS_FULL_TYPED_ORIGINS_INPUT_OUTPUT_EOF,14328,14328,18076,18076,18080,18080
2,1,native,n1-l32-capture,1,32,capture,57,82,17936,0.00,0.00,0.03,0:00.03,0,PASS_FULL_TYPED_ORIGINS_INPUT_OUTPUT_EOF,14364,14364,18048,18048,18052,18052
3,1,rust,n1-l32-numeric,1,32,numeric,57,49,6640,0.00,0.00,0.03,0:00.03,0,PASS_FULL_TYPED_ORIGINS_INPUT_OUTPUT_EOF,5468,5468,6672,6672,6676,6676
4,1,rust,n1-l32-capture,1,32,capture,57,82,6516,0.00,0.00,0.03,0:00.03,0,PASS_FULL_TYPED_ORIGINS_INPUT_OUTPUT_EOF,5284,5284,6612,6612,6616,6616
5,1,csharp,n1-l32-numeric,1,32,numeric,57,49,34220,0.07,0.01,0.12,0:00.12,0,PASS_FULL_TYPED_ORIGINS_INPUT_OUTPUT_EOF,28636,28636,35104,35104,35132,35132
6,1,csharp,n1-l32-capture,1,32,capture,57,82,34472,0.07,0.01,0.13,0:00.13,0,PASS_FULL_TYPED_ORIGINS_INPUT_OUTPUT_EOF,28664,28664,35092,35092,35124,35124
7,1,native,n16-l32-numeric,16,32,numeric,58,506,17524,0.00,0.00,0.03,0:00.03,0,PASS_FULL_TYPED_ORIGINS_INPUT_OUTPUT_EOF,14092,14092,17772,17772,17776,17776
8,1,native,n16-l32-capture,16,32,capture,58,1027,18016,0.00,0.00,0.03,0:00.03,0,PASS_FULL_TYPED_ORIGINS_INPUT_OUTPUT_EOF,14240,14240,18076,18076,18076,18076
9,1,rust,n16-l32-numeric,16,32,numeric,58,506,6576,0.00,0.00,0.03,0:00.03,0,PASS_FULL_TYPED_ORIGINS_INPUT_OUTPUT_EOF,5340,5340,6684,6684,6688,6688
10,1,rust,n16-l32-capture,16,32,capture,58,1027,6628,0.00,0.00,0.01,0:00.01,0,PASS_FULL_TYPED_ORIGINS_INPUT_OUTPUT_EOF,5328,5328,6688,6688,6692,6692
11,1,csharp,n16-l32-numeric,16,32,numeric,58,506,34560,0.07,0.01,0.18,0:00.18,0,PASS_FULL_TYPED_ORIGINS_INPUT_OUTPUT_EOF,28624,28624,35100,35100,35124,35124
12,1,csharp,n16-l32-capture,16,32,capture,58,1027,34788,0.07,0.01,0.11,0:00.11,0,PASS_FULL_TYPED_ORIGINS_INPUT_OUTPUT_EOF,28652,28652,35192,35192,35224,35224
13,1,native,n128-l32-numeric,128,32,numeric,59,4007,17880,0.00,0.00,0.03,0:00.03,0,PASS_FULL_TYPED_ORIGINS_INPUT_OUTPUT_EOF,14196,14196,18076,18076,18076,18076
14,1,native,n128-l32-capture,128,32,capture,59,8083,17940,0.00,0.00,0.04,0:00.04,0,PASS_FULL_TYPED_ORIGINS_INPUT_OUTPUT_EOF,14304,14304,18212,18212,18212,18212
15,1,rust,n128-l32-numeric,128,32,numeric,59,4007,6576,0.00,0.00,0.03,0:00.03,0,PASS_FULL_TYPED_ORIGINS_INPUT_OUTPUT_EOF,5300,5300,6760,6760,6760,6760
16,1,rust,n128-l32-capture,128,32,capture,59,8083,6672,0.00,0.00,0.03,0:00.03,0,PASS_FULL_TYPED_ORIGINS_INPUT_OUTPUT_EOF,5296,5296,6764,6764,6764,6764
17,1,csharp,n128-l32-numeric,128,32,numeric,59,4007,34612,0.07,0.01,0.15,0:00.15,0,PASS_FULL_TYPED_ORIGINS_INPUT_OUTPUT_EOF,28624,28624,35404,35404,35440,35440
18,1,csharp,n128-l32-capture,128,32,capture,59,8083,34704,0.06,0.01,0.12,0:00.12,0,PASS_FULL_TYPED_ORIGINS_INPUT_OUTPUT_EOF,28496,28496,35296,35296,35332,35332
19,1,native,n16-l4096-numeric,16,4096,numeric,4122,506,18008,0.00,0.00,0.03,0:00.03,0,PASS_FULL_TYPED_ORIGINS_INPUT_OUTPUT_EOF,14296,14296,18204,18204,18204,18204
20,1,native,n16-l4096-capture,16,4096,capture,4122,66051,17948,0.00,0.00,0.04,0:00.04,0,PASS_FULL_TYPED_ORIGINS_INPUT_OUTPUT_EOF,14228,14228,18336,18336,18336,18336
21,1,rust,n16-l4096-numeric,16,4096,numeric,4122,506,6628,0.00,0.00,0.03,0:00.03,0,PASS_FULL_TYPED_ORIGINS_INPUT_OUTPUT_EOF,5348,5348,6684,6684,6684,6684
22,1,rust,n16-l4096-capture,16,4096,capture,4122,66051,6704,0.00,0.00,0.03,0:00.03,0,PASS_FULL_TYPED_ORIGINS_INPUT_OUTPUT_EOF,5544,5544,6896,6896,6896,6896
23,1,csharp,n16-l4096-numeric,16,4096,numeric,4122,506,34484,0.07,0.01,0.11,0:00.11,0,PASS_FULL_TYPED_ORIGINS_INPUT_OUTPUT_EOF,28500,28500,35080,35080,35108,35108
24,1,csharp,n16-l4096-capture,16,4096,capture,4122,66051,35588,0.07,0.01,0.12,0:00.12,0,PASS_FULL_TYPED_ORIGINS_INPUT_OUTPUT_EOF,28692,28692,35916,35916,36004,36004
25,1,native,n16-l262144-numeric,16,262144,numeric,262170,506,19144,0.00,0.00,0.02,0:00.02,0,PASS_FULL_TYPED_ORIGINS_INPUT_OUTPUT_EOF,14712,14712,18648,19144,18648,19144
26,1,native,n16-l262144-capture,16,262144,capture,262170,4194819,27088,0.11,0.00,0.18,0:00.18,0,PASS_FULL_TYPED_ORIGINS_INPUT_OUTPUT_EOF,14724,14724,22960,27088,22960,27088
27,1,rust,n16-l262144-numeric,16,262144,numeric,262170,506,8016,0.00,0.00,0.03,0:00.03,0,PASS_FULL_TYPED_ORIGINS_INPUT_OUTPUT_EOF,5632,5632,7920,8016,7920,8016
28,1,rust,n16-l262144-capture,16,262144,capture,262170,4194819,19844,0.12,0.00,0.21,0:00.21,0,PASS_FULL_TYPED_ORIGINS_INPUT_OUTPUT_EOF,5600,5600,12180,19844,12180,19844
29,1,csharp,n16-l262144-numeric,16,262144,numeric,262170,506,36588,0.08,0.01,0.16,0:00.16,0,PASS_FULL_TYPED_ORIGINS_INPUT_OUTPUT_EOF,30024,30024,37364,37364,37400,37400
30,1,csharp,n16-l262144-capture,16,262144,capture,262170,4194819,82020,0.10,0.02,0.19,0:00.19,0,PASS_FULL_TYPED_ORIGINS_INPUT_OUTPUT_EOF,30004,30004,78884,78884,83004,83004
31,1,native,n128-l262144-numeric,128,262144,numeric,262171,4007,19044,0.00,0.01,0.05,0:00.05,0,PASS_FULL_TYPED_ORIGINS_INPUT_OUTPUT_EOF,14612,14612,18672,19044,18672,19044
32,1,native,n128-l262144-capture,128,262144,capture,262171,33558419,116808,0.92,0.03,1.15,0:01.15,0,PASS_FULL_TYPED_ORIGINS_INPUT_OUTPUT_EOF,14568,14568,51676,116808,51676,116808
33,1,rust,n128-l262144-numeric,128,262144,numeric,262171,4007,7828,0.00,0.00,0.04,0:00.04,0,PASS_FULL_TYPED_ORIGINS_INPUT_OUTPUT_EOF,5620,5620,7960,7960,7960,7960
34,1,rust,n128-l262144-capture,128,262144,capture,262171,33558419,105660,0.91,0.04,1.12,0:01.12,0,PASS_FULL_TYPED_ORIGINS_INPUT_OUTPUT_EOF,5792,5792,40792,105660,40792,105660
35,1,csharp,n128-l262144-numeric,128,262144,numeric,262171,4007,37228,0.08,0.01,0.12,0:00.12,0,PASS_FULL_TYPED_ORIGINS_INPUT_OUTPUT_EOF,29924,29924,37552,37552,37588,37588
36,1,csharp,n128-l262144-capture,128,262144,capture,262171,33558419,392476,0.33,0.07,0.59,0:00.59,0,PASS_FULL_TYPED_ORIGINS_INPUT_OUTPUT_EOF,30052,30052,359964,359964,393224,393224
37,2,csharp,n128-l262144-capture,128,262144,capture,262171,33558419,392088,0.34,0.06,0.59,0:00.59,0,PASS_FULL_TYPED_ORIGINS_INPUT_OUTPUT_EOF,30036,30036,360144,360144,393160,393160
38,2,csharp,n128-l262144-numeric,128,262144,numeric,262171,4007,37280,0.07,0.01,0.12,0:00.12,0,PASS_FULL_TYPED_ORIGINS_INPUT_OUTPUT_EOF,29964,29964,37560,37560,37596,37596
39,2,rust,n128-l262144-capture,128,262144,capture,262171,33558419,105472,0.91,0.04,1.16,0:01.16,0,PASS_FULL_TYPED_ORIGINS_INPUT_OUTPUT_EOF,5664,5664,40792,105472,40792,105472
40,2,rust,n128-l262144-numeric,128,262144,numeric,262171,4007,7976,0.00,0.00,0.03,0:00.03,0,PASS_FULL_TYPED_ORIGINS_INPUT_OUTPUT_EOF,5784,5784,7884,7976,7884,7976
41,2,native,n128-l262144-capture,128,262144,capture,262171,33558419,116540,0.94,0.03,1.15,0:01.15,0,PASS_FULL_TYPED_ORIGINS_INPUT_OUTPUT_EOF,14552,14552,51544,116540,51544,116540
42,2,native,n128-l262144-numeric,128,262144,numeric,262171,4007,19120,0.01,0.01,0.05,0:00.05,0,PASS_FULL_TYPED_ORIGINS_INPUT_OUTPUT_EOF,14536,14536,18748,19120,18748,19120
43,2,csharp,n16-l262144-capture,16,262144,capture,262170,4194819,82336,0.10,0.02,0.20,0:00.20,0,PASS_FULL_TYPED_ORIGINS_INPUT_OUTPUT_EOF,30024,30024,78940,78940,83060,83060
44,2,csharp,n16-l262144-numeric,16,262144,numeric,262170,506,36540,0.07,0.01,0.13,0:00.13,0,PASS_FULL_TYPED_ORIGINS_INPUT_OUTPUT_EOF,30056,30056,37436,37436,37468,37468
45,2,rust,n16-l262144-capture,16,262144,capture,262170,4194819,19888,0.11,0.00,0.20,0:00.20,0,PASS_FULL_TYPED_ORIGINS_INPUT_OUTPUT_EOF,5648,5648,12180,19888,12180,19888
46,2,rust,n16-l262144-numeric,16,262144,numeric,262170,506,8116,0.00,0.00,0.05,0:00.05,0,PASS_FULL_TYPED_ORIGINS_INPUT_OUTPUT_EOF,5796,5796,7956,8116,7956,8116
47,2,native,n16-l262144-capture,16,262144,capture,262170,4194819,26672,0.12,0.00,0.20,0:00.20,0,PASS_FULL_TYPED_ORIGINS_INPUT_OUTPUT_EOF,14648,14648,22664,26672,22664,26672
48,2,native,n16-l262144-numeric,16,262144,numeric,262170,506,19196,0.00,0.00,0.04,0:00.04,0,PASS_FULL_TYPED_ORIGINS_INPUT_OUTPUT_EOF,14532,14532,18776,19196,18776,19196
49,2,csharp,n16-l4096-capture,16,4096,capture,4122,66051,34912,0.07,0.01,0.12,0:00.12,0,PASS_FULL_TYPED_ORIGINS_INPUT_OUTPUT_EOF,28644,28644,35920,35920,36008,36008
50,2,csharp,n16-l4096-numeric,16,4096,numeric,4122,506,34444,0.07,0.01,0.14,0:00.14,0,PASS_FULL_TYPED_ORIGINS_INPUT_OUTPUT_EOF,28460,28460,35044,35044,35072,35072
51,2,rust,n16-l4096-capture,16,4096,capture,4122,66051,6888,0.00,0.00,0.03,0:00.03,0,PASS_FULL_TYPED_ORIGINS_INPUT_OUTPUT_EOF,5404,5404,6888,6888,6888,6888
52,2,rust,n16-l4096-numeric,16,4096,numeric,4122,506,6576,0.00,0.00,0.03,0:00.03,0,PASS_FULL_TYPED_ORIGINS_INPUT_OUTPUT_EOF,4964,4964,6636,6636,6636,6636
53,2,native,n16-l4096-capture,16,4096,capture,4122,66051,18276,0.00,0.00,0.04,0:00.04,0,PASS_FULL_TYPED_ORIGINS_INPUT_OUTPUT_EOF,14236,14236,18404,18404,18404,18404
54,2,native,n16-l4096-numeric,16,4096,numeric,4122,506,18004,0.00,0.00,0.03,0:00.03,0,PASS_FULL_TYPED_ORIGINS_INPUT_OUTPUT_EOF,14376,14376,18012,18012,18012,18012
55,2,csharp,n128-l32-capture,128,32,capture,59,8083,34924,0.07,0.01,0.12,0:00.12,0,PASS_FULL_TYPED_ORIGINS_INPUT_OUTPUT_EOF,28728,28728,35560,35560,35596,35596
56,2,csharp,n128-l32-numeric,128,32,numeric,59,4007,34772,0.07,0.01,0.16,0:00.16,0,PASS_FULL_TYPED_ORIGINS_INPUT_OUTPUT_EOF,28600,28600,35360,35360,35396,35396
57,2,rust,n128-l32-capture,128,32,capture,59,8083,6632,0.00,0.00,0.03,0:00.03,0,PASS_FULL_TYPED_ORIGINS_INPUT_OUTPUT_EOF,5396,5396,6752,6752,6752,6752
58,2,rust,n128-l32-numeric,128,32,numeric,59,4007,6608,0.00,0.00,0.04,0:00.04,0,PASS_FULL_TYPED_ORIGINS_INPUT_OUTPUT_EOF,5376,5376,6728,6728,6728,6728
59,2,native,n128-l32-capture,128,32,capture,59,8083,18148,0.00,0.00,0.04,0:00.04,0,PASS_FULL_TYPED_ORIGINS_INPUT_OUTPUT_EOF,14260,14260,18296,18296,18296,18296
60,2,native,n128-l32-numeric,128,32,numeric,59,4007,18000,0.00,0.00,0.03,0:00.03,0,PASS_FULL_TYPED_ORIGINS_INPUT_OUTPUT_EOF,14364,14364,18072,18072,18072,18072
61,2,csharp,n16-l32-capture,16,32,capture,58,1027,34500,0.07,0.01,0.21,0:00.21,0,PASS_FULL_TYPED_ORIGINS_INPUT_OUTPUT_EOF,28696,28696,35216,35216,35352,35352
62,2,csharp,n16-l32-numeric,16,32,numeric,58,506,34380,0.07,0.01,0.11,0:00.11,0,PASS_FULL_TYPED_ORIGINS_INPUT_OUTPUT_EOF,28552,28552,35136,35136,35160,35160
63,2,rust,n16-l32-capture,16,32,capture,58,1027,6640,0.00,0.00,0.02,0:00.02,0,PASS_FULL_TYPED_ORIGINS_INPUT_OUTPUT_EOF,5408,5408,6692,6692,6696,6696
64,2,rust,n16-l32-numeric,16,32,numeric,58,506,6576,0.00,0.00,0.03,0:00.03,0,PASS_FULL_TYPED_ORIGINS_INPUT_OUTPUT_EOF,4960,4960,6620,6620,6624,6624
65,2,native,n16-l32-capture,16,32,capture,58,1027,17168,0.00,0.00,0.03,0:00.03,0,PASS_FULL_TYPED_ORIGINS_INPUT_OUTPUT_EOF,13432,13432,17356,17356,17356,17356
66,2,native,n16-l32-numeric,16,32,numeric,58,506,18056,0.00,0.00,0.04,0:00.04,0,PASS_FULL_TYPED_ORIGINS_INPUT_OUTPUT_EOF,14420,14420,18052,18052,18056,18056
67,2,csharp,n1-l32-capture,1,32,capture,57,82,34536,0.08,0.00,0.12,0:00.12,0,PASS_FULL_TYPED_ORIGINS_INPUT_OUTPUT_EOF,28600,28600,35108,35108,35136,35136
68,2,csharp,n1-l32-numeric,1,32,numeric,57,49,34576,0.08,0.01,0.12,0:00.12,0,PASS_FULL_TYPED_ORIGINS_INPUT_OUTPUT_EOF,28692,28692,35196,35196,35224,35224
69,2,rust,n1-l32-capture,1,32,capture,57,82,6640,0.00,0.00,0.01,0:00.01,0,PASS_FULL_TYPED_ORIGINS_INPUT_OUTPUT_EOF,5472,5472,6676,6676,6680,6680
70,2,rust,n1-l32-numeric,1,32,numeric,57,49,6476,0.00,0.00,0.03,0:00.03,0,PASS_FULL_TYPED_ORIGINS_INPUT_OUTPUT_EOF,5468,5468,6672,6672,6676,6676
71,2,native,n1-l32-capture,1,32,capture,57,82,17232,0.00,0.00,0.03,0:00.03,0,PASS_FULL_TYPED_ORIGINS_INPUT_OUTPUT_EOF,13432,13432,17340,17340,17344,17344
72,2,native,n1-l32-numeric,1,32,numeric,57,49,17864,0.00,0.00,0.04,0:00.04,0,PASS_FULL_TYPED_ORIGINS_INPUT_OUTPUT_EOF,14220,14220,18040,18040,18044,18044
